KGB,type_fr,sp_id,field_ID
213/8/1,a_084,1,a_084f_1
213/7/6,a_083,2,a_083f_1
213/7/6,a_083,3,a_083f_2
213/7/4,a_082,4,a_082f_1
213/65/1,a_081,5,a_081f_1
213/65/1,a_081,6,a_081f_2
213/65/1,a_081,7,a_081f_3
213/65/1,a_081,8,a_081f_4
213/65/1,a_081,9,a_081f_5
213/62/6,a_008,10,a_008f_1
213/62/6,a_008,11,a_008f_2
213/62/6,a_008,12,a_008f_3
213/69/1,a_007,13,a_007f_1
213/69/1,a_007,14,a_007f_2
213/69/1,a_007,15,a_007f_3
213/69/1,a_007,16,a_007f_4
213/71/7,a_006,17,a_006f_1
213/74/2,a_005,18,a_005f_1
213/74/2,a_005,19,a_005f_2
213/74/2,a_005,20,a_005f_3
213/81/1,a_129,21,a_129f_1
213/81/1,a_129,22,a_129f_2
213/81/1,a_129,23,a_129f_3
213/82/1,a_128,24,a_128f_1
213/82/1,a_128,25,a_128f_2
213/82/1,a_128,26,a_128f_3
214/92/1,a_127,27,a_127f_1
214/92/1,a_127,28,a_127f_2
214/92/1,a_127,29,a_127f_3
213/68/3,a_009,30,a_009f_1
213/68/3,a_009,31,a_009f_2
214/85/1,a_126,32,a_126f_1
214/85/1,a_126,33,a_126f_2
214/85/1,a_126,34,a_126f_3
214/85/1,a_126,35,a_126f_4
213/34/1,a_077,36,a_077f_1
213/34/1,a_077,37,a_077f_2
213/34/1,a_077,38,a_077f_3
213/31/1,a_076,39,a_076f_1
213/31/1,a_076,40,a_076f_2
213/31/1,a_076,41,a_076f_3
213/33/6,a_075,42,a_075f_1
213/33/6,a_075,43,a_075f_2
213/34/2,a_074,44,a_074f_1
213/34/2,a_074,45,a_074f_2
213/12/2,a_198,46,a_198f_1
213/12/2,a_198,47,a_198f_2
213/65/2,a_110,48,a_110f_1
213/65/2,a_110,49,a_110f_2
213/65/2,a_110,50,a_110f_3
213/10/35,a_197,51,a_197f_1
213/59/3,a_079,52,a_079f_1
213/59/3,a_079,53,a_079f_2
213/59/3,a_079,54,a_079f_3
213/59/3,a_079,55,a_079f_4
213/59/3,a_079,56,a_079f_5
213/10/17,a_196,57,a_196f_1
213/62/1,a_078,58,a_078f_1
213/12/1,a_195,59,a_195f_1
213/12/1,a_195,60,a_195f_2
213/55/1,a_114,61,a_114f_1
213/55/1,a_114,62,a_114f_2
213/55/1,a_114,63,a_114f_3
213/55/1,a_114,64,a_114f_4
213/55/1,a_114,65,a_114f_5
213/7/8,a_220,66,a_220f_1
213/54/1,a_113,67,a_113f_1
213/54/1,a_113,68,a_113f_2
213/54/2,a_112,69,a_112f_1
213/54/2,a_112,70,a_112f_2
213/141/17,a_199,71,a_199f_1
213/32/3,a_073,72,a_073f_1
213/32/3,a_073,73,a_073f_2
213/32/3,a_073,74,a_073f_3
213/32/3,a_073,75,a_073f_4
213/54/4,a_111,76,a_111f_1
213/30/2,a_190,77,a_190f_1
213/15/1,a_072,78,a_072f_1
213/15/1,a_072,79,a_072f_2
213/14/4,a_071,80,a_071f_1
213/14/20,a_070,81,a_070f_1
213/76/2,a_222,82,a_222f_1
213/76/2,a_222,83,a_222f_2
213/10/4,a_194,84,a_194f_1
213/76/14,a_221,85,a_221f_1
213/76/14,a_221,86,a_221f_2
213/10/2,a_193,87,a_193f_1
213/10/5,a_192,88,a_192f_1
213/29/1,a_191,89,a_191f_1
213/59/9,a_118,90,a_118f_1
213/59/9,a_118,91,a_118f_2
213/58/1,a_117,92,a_117f_1
213/58/1,a_117,93,a_117f_2
213/58/1,a_117,94,a_117f_3
213/58/1,a_117,95,a_117f_4
213/58/1,a_117,96,a_117f_5
213/58/1,a_117,97,a_117f_6
213/59/45,a_116,98,a_116f_1
213/32/1,a_066,99,a_066f_1
213/32/1,a_066,100,a_066f_2
213/32/1,a_066,101,a_066f_3
213/32/1,a_066,102,a_066f_4
213/62/8,a_115,103,a_115f_1
213/62/8,a_115,104,a_115f_2
213/62/8,a_115,105,a_115f_3
213/62/8,a_115,106,a_115f_4
NA,utrn,107,utrnf_1
NA,utrn,108,utrnf_2
NA,utrn,109,utrnf_3
NA,utrn,110,utrnf_4
NA,utrn,111,utrnf_5
NA,utrn,112,utrnf_6
NA,utrn,113,utrnf_7
NA,utrn,114,utrnf_8
NA,utrn,115,utrnf_9
NA,utrn,116,utrnf_10
NA,utrn,117,utrnf_11
NA,utrn,118,utrnf_12
NA,utrn,119,utrnf_13
NA,utrn,120,utrnf_14
NA,utrn,121,utrnf_15
NA,utrn,122,utrnf_16
NA,utrn,123,utrnf_17
NA,utrn,124,utrnf_18
NA,utrn,125,utrnf_19
NA,utrn,126,utrnf_20
NA,utrn,127,utrnf_21
NA,utrn,128,utrnf_22
NA,utrn,129,utrnf_23
NA,utrn,130,utrnf_24
NA,utrn,131,utrnf_25
NA,utrn,132,utrnf_26
NA,utrn,133,utrnf_27
NA,utrn,134,utrnf_28
NA,utrn,135,utrnf_29
NA,utrn,136,utrnf_30
NA,utrn,137,utrnf_31
NA,utrn,138,utrnf_32
NA,utrn,139,utrnf_33
NA,utrn,140,utrnf_34
NA,utrn,141,utrnf_35
NA,utrn,142,utrnf_36
NA,utrn,143,utrnf_37
NA,utrn,144,utrnf_38
NA,utrn,145,utrnf_39
NA,utrn,146,utrnf_40
NA,utrn,147,utrnf_41
NA,utrn,148,utrnf_42
NA,utrn,149,utrnf_43
NA,utrn,150,utrnf_44
NA,utrn,151,utrnf_45
NA,utrn,152,utrnf_46
NA,utrn,153,utrnf_47
NA,utrn,154,utrnf_48
NA,utrn,155,utrnf_49
NA,utrn,156,utrnf_50
NA,utrn,157,utrnf_51
NA,utrn,158,utrnf_52
NA,utrn,159,utrnf_53
NA,utrn,160,utrnf_54
NA,utrn,161,utrnf_55
NA,utrn,162,utrnf_56
NA,utrn,163,utrnf_57
NA,utrn,164,utrnf_58
NA,utrn,165,utrnf_59
NA,utrn,166,utrnf_60
NA,utrn,167,utrnf_61
NA,utrn,168,utrnf_62
NA,utrn,169,utrnf_63
NA,utrn,170,utrnf_64
NA,utrn,171,utrnf_65
NA,utrn,172,utrnf_66
NA,utrn,173,utrnf_67
NA,utrn,174,utrnf_68
NA,utrn,175,utrnf_69
NA,utrn,176,utrnf_70
NA,utrn,177,utrnf_71
NA,utrn,178,utrnf_72
NA,utrn,179,utrnf_73
NA,utrn,180,utrnf_74
NA,utrn,181,utrnf_75
NA,utrn,182,utrnf_76
NA,utrn,183,utrnf_77
NA,utrn,184,utrnf_78
NA,utrn,185,utrnf_79
NA,utrn,186,utrnf_80
NA,utrn,187,utrnf_81
NA,utrn,188,utrnf_82
NA,utrn,189,utrnf_83
NA,utrn,190,utrnf_84
NA,utrn,191,utrnf_85
NA,utrn,192,utrnf_86
NA,utrn,193,utrnf_87
NA,utrn,194,utrnf_88
NA,utrn,195,utrnf_89
NA,utrn,196,utrnf_90
NA,utrn,197,utrnf_91
NA,utrn,198,utrnf_92
213/32/4,a_065,199,a_065f_1
213/32/6,a_064,200,a_064f_1
213/32/10,a_063,201,a_063f_1
213/59/8,a_119,202,a_119f_1
213/59/8,a_119,203,a_119f_2
213/35/8,a_187,204,a_187f_1
213/14/23,a_069,205,a_069f_1
213/14/23,a_069,206,a_069f_2
213/14/23,a_069,207,a_069f_3
213/33/4,a_186,208,a_186f_1
213/14/1,a_068,209,a_068f_1
213/14/1,a_068,210,a_068f_2
213/14/1,a_068,211,a_068f_3
213/45/3,a_185,212,a_185f_1
213/14/6,a_067,213,a_067f_1
213/53/9,a_184,214,a_184f_1
213/3/4,a_103,215,a_103f_1
213/3/4,a_103,216,a_103f_2
213/3/4,a_103,217,a_103f_3
213/3/4,a_103,218,a_103f_4
214/66/2,a_102,219,a_102f_1
214/66/2,a_102,220,a_102f_2
213/30/7,a_189,221,a_189f_1
213/1/5,a_101,222,a_101f_1
213/1/5,a_101,223,a_101f_2
213/1/5,a_101,224,a_101f_3
213/1/5,a_101,225,a_101f_4
213/1/5,a_101,226,a_101f_5
213/35/3,a_188,227,a_188f_1
213/32/16,a_062,228,a_062f_1
213/1/2,a_100,229,a_100f_1
213/32/8,a_061,230,a_061f_1
213/32/8,a_061,231,a_061f_2
213/10/47,a_213,232,a_213f_1
213/19/1,a_060,233,a_060f_1
213/19/1,a_060,234,a_060f_2
138/108/1,a_212,235,a_212f_1
138/109/1,a_211,236,a_211f_1
NA,frst,237,frstf_1
NA,frst,238,frstf_2
NA,frst,239,frstf_3
NA,frst,240,frstf_4
NA,frst,241,frstf_5
NA,frst,242,frstf_6
NA,frst,243,frstf_7
NA,frst,244,frstf_8
NA,frst,245,frstf_9
NA,frst,246,frstf_10
NA,frst,247,frstf_11
NA,frst,248,frstf_12
NA,frst,249,frstf_13
NA,frst,250,frstf_14
NA,frst,251,frstf_15
NA,frst,252,frstf_16
NA,frst,253,frstf_17
NA,frst,254,frstf_18
NA,frst,255,frstf_19
NA,frst,256,frstf_20
NA,frst,257,frstf_21
NA,frst,258,frstf_22
NA,frst,259,frstf_23
NA,frst,260,frstf_24
NA,frst,261,frstf_25
NA,frst,262,frstf_26
NA,frst,263,frstf_27
NA,frst,264,frstf_28
NA,frst,265,frstf_29
NA,frst,266,frstf_30
NA,frst,267,frstf_31
NA,frst,268,frstf_32
NA,frst,269,frstf_33
NA,frst,270,frstf_34
NA,frst,271,frstf_35
NA,frst,272,frstf_36
NA,frst,273,frstf_37
NA,frst,274,frstf_38
NA,frst,275,frstf_39
NA,frst,276,frstf_40
NA,frst,277,frstf_41
NA,frst,278,frstf_42
NA,frst,279,frstf_43
NA,frst,280,frstf_44
NA,frst,281,frstf_45
NA,frst,282,frstf_46
NA,frst,283,frstf_47
NA,frst,284,frstf_48
NA,frst,285,frstf_49
NA,frst,286,frstf_50
NA,frst,287,frstf_51
NA,frst,288,frstf_52
NA,frst,289,frstf_53
NA,frst,290,frstf_54
NA,frst,291,frstf_55
NA,frst,292,frstf_56
NA,frst,293,frstf_57
NA,frst,294,frstf_58
NA,frst,295,frstf_59
NA,frst,296,frstf_60
NA,frst,297,frstf_61
NA,frst,298,frstf_62
NA,frst,299,frstf_63
NA,frst,300,frstf_64
NA,frst,301,frstf_65
NA,frst,302,frstf_66
NA,frst,303,frstf_67
NA,frst,304,frstf_68
NA,frst,305,frstf_69
NA,frst,306,frstf_70
NA,frst,307,frstf_71
NA,frst,308,frstf_72
NA,frst,309,frstf_73
NA,frst,310,frstf_74
NA,frst,311,frstf_75
NA,frst,312,frstf_76
NA,frst,313,frstf_77
NA,frst,314,frstf_78
NA,frst,315,frstf_79
NA,frst,316,frstf_80
NA,frst,317,frstf_81
NA,frst,318,frstf_82
NA,frst,319,frstf_83
NA,frst,320,frstf_84
NA,frst,321,frstf_85
NA,frst,322,frstf_86
NA,frst,323,frstf_87
NA,frst,324,frstf_88
NA,frst,325,frstf_89
NA,frst,326,frstf_90
NA,frst,327,frstf_91
NA,frst,328,frstf_92
NA,frst,329,frstf_93
NA,frst,330,frstf_94
NA,frst,331,frstf_95
NA,frst,332,frstf_96
NA,frst,333,frstf_97
NA,frst,334,frstf_98
NA,frst,335,frstf_99
NA,frst,336,frstf_100
NA,frst,337,frstf_101
NA,frst,338,frstf_102
NA,frst,339,frstf_103
NA,frst,340,frstf_104
NA,frst,341,frstf_105
NA,frst,342,frstf_106
NA,frst,343,frstf_107
NA,frst,344,frstf_108
NA,frst,345,frstf_109
NA,frst,346,frstf_110
NA,frst,347,frstf_111
NA,frst,348,frstf_112
NA,frst,349,frstf_113
NA,frst,350,frstf_114
NA,frst,351,frstf_115
NA,frst,352,frstf_116
NA,frst,353,frstf_117
NA,frst,354,frstf_118
NA,frst,355,frstf_119
NA,frst,356,frstf_120
NA,frst,357,frstf_121
NA,frst,358,frstf_122
NA,frst,359,frstf_123
NA,frst,360,frstf_124
NA,frst,361,frstf_125
NA,frst,362,frstf_126
NA,frst,363,frstf_127
NA,frst,364,frstf_128
NA,frst,365,frstf_129
NA,frst,366,frstf_130
NA,frst,367,frstf_131
NA,frst,368,frstf_132
NA,frst,369,frstf_133
NA,frst,370,frstf_134
NA,frst,371,frstf_135
NA,frst,372,frstf_136
NA,frst,373,frstf_137
NA,frst,374,frstf_138
NA,frst,375,frstf_139
NA,frst,376,frstf_140
NA,frst,377,frstf_141
NA,frst,378,frstf_142
NA,frst,379,frstf_143
NA,frst,380,frstf_144
NA,frst,381,frstf_145
NA,frst,382,frstf_146
NA,frst,383,frstf_147
NA,frst,384,frstf_148
NA,frst,385,frstf_149
NA,frst,386,frstf_150
NA,frst,387,frstf_151
NA,frst,388,frstf_152
NA,frst,389,frstf_153
NA,frst,390,frstf_154
NA,frst,391,frstf_155
NA,frst,392,frstf_156
NA,frst,393,frstf_157
NA,frst,394,frstf_158
NA,frst,395,frstf_159
NA,frst,396,frstf_160
NA,frst,397,frstf_161
NA,frst,398,frstf_162
NA,frst,399,frstf_163
NA,frst,400,frstf_164
NA,frst,401,frstf_165
NA,frst,402,frstf_166
NA,frst,403,frstf_167
NA,frst,404,frstf_168
NA,frst,405,frstf_169
NA,frst,406,frstf_170
NA,frst,407,frstf_171
NA,frst,408,frstf_172
NA,frst,409,frstf_173
NA,frst,410,frstf_174
NA,frst,411,frstf_175
NA,frst,412,frstf_176
NA,frst,413,frstf_177
NA,frst,414,frstf_178
NA,frst,415,frstf_179
NA,frst,416,frstf_180
NA,frst,417,frstf_181
NA,frst,418,frstf_182
NA,frst,419,frstf_183
NA,frst,420,frstf_184
NA,frst,421,frstf_185
NA,frst,422,frstf_186
NA,frst,423,frstf_187
NA,frst,424,frstf_188
NA,frst,425,frstf_189
NA,frst,426,frstf_190
NA,frst,427,frstf_191
NA,frst,428,frstf_192
NA,frst,429,frstf_193
213/53/1,a_183,430,a_183f_1
213/53/1,a_183,431,a_183f_2
213/53/1,a_183,432,a_183f_3
213/53/1,a_183,433,a_183f_4
213/53/1,a_183,434,a_183f_5
213/25/1,a_210,435,a_210f_1
213/25/1,a_210,436,a_210f_2
213/25/1,a_210,437,a_210f_3
NA,watr,438,watrf_1
NA,watr,439,watrf_2
NA,watr,440,watrf_3
NA,watr,441,watrf_4
NA,watr,442,watrf_5
NA,watr,443,watrf_6
NA,watr,444,watrf_7
NA,watr,445,watrf_8
NA,watr,446,watrf_9
NA,watr,447,watrf_10
NA,watr,448,watrf_11
NA,watr,449,watrf_12
NA,watr,450,watrf_13
NA,watr,451,watrf_14
NA,watr,452,watrf_15
NA,watr,453,watrf_16
NA,watr,454,watrf_17
NA,watr,455,watrf_18
NA,watr,456,watrf_19
NA,watr,457,watrf_20
NA,watr,458,watrf_21
NA,watr,459,watrf_22
NA,watr,460,watrf_23
NA,watr,461,watrf_24
NA,watr,462,watrf_25
NA,watr,463,watrf_26
NA,watr,464,watrf_27
NA,watr,465,watrf_28
NA,watr,466,watrf_29
NA,watr,467,watrf_30
NA,watr,468,watrf_31
NA,watr,469,watrf_32
NA,watr,470,watrf_33
NA,watr,471,watrf_34
NA,watr,472,watrf_35
NA,watr,473,watrf_36
NA,watr,474,watrf_37
NA,watr,475,watrf_38
NA,watr,476,watrf_39
NA,watr,477,watrf_40
NA,watr,478,watrf_41
NA,watr,479,watrf_42
NA,watr,480,watrf_43
NA,watr,481,watrf_44
NA,watr,482,watrf_45
NA,watr,483,watrf_46
NA,watr,484,watrf_47
NA,watr,485,watrf_48
NA,watr,486,watrf_49
NA,watr,487,watrf_50
NA,watr,488,watrf_51
NA,watr,489,watrf_52
NA,watr,490,watrf_53
NA,watr,491,watrf_54
NA,watr,492,watrf_55
NA,watr,493,watrf_56
NA,watr,494,watrf_57
NA,watr,495,watrf_58
213/52/1,a_182,496,a_182f_1
213/52/1,a_182,497,a_182f_2
213/52/1,a_182,498,a_182f_3
213/52/1,a_182,499,a_182f_4
213/52/1,a_182,500,a_182f_5
213/52/1,a_182,501,a_182f_6
213/52/1,a_182,502,a_182f_7
213/52/1,a_182,503,a_182f_8
213/55/11,a_181,504,a_181f_1
213/141/32,a_180,505,a_180f_1
NA,urml,506,urmlf_1
NA,urml,507,urmlf_2
NA,urml,508,urmlf_3
NA,urml,509,urmlf_4
NA,urml,510,urmlf_5
NA,urml,511,urmlf_6
NA,urml,512,urmlf_7
NA,urml,513,urmlf_8
NA,urml,514,urmlf_9
NA,urml,515,urmlf_10
NA,urml,516,urmlf_11
NA,urml,517,urmlf_12
NA,urml,518,urmlf_13
NA,urml,519,urmlf_14
NA,urml,520,urmlf_15
NA,urml,521,urmlf_16
NA,urml,522,urmlf_17
NA,urml,523,urmlf_18
NA,urml,524,urmlf_19
NA,urml,525,urmlf_20
NA,urml,526,urmlf_21
NA,urml,527,urmlf_22
NA,urml,528,urmlf_23
NA,urml,529,urmlf_24
NA,urml,530,urmlf_25
NA,urml,531,urmlf_26
NA,urml,532,urmlf_27
NA,urml,533,urmlf_28
NA,urml,534,urmlf_29
NA,urml,535,urmlf_30
NA,urml,536,urmlf_31
NA,urml,537,urmlf_32
NA,urml,538,urmlf_33
NA,urml,539,urmlf_34
NA,urml,540,urmlf_35
NA,urml,541,urmlf_36
NA,urml,542,urmlf_37
NA,urml,543,urmlf_38
NA,urml,544,urmlf_39
NA,urml,545,urmlf_40
NA,urml,546,urmlf_41
NA,urml,547,urmlf_42
NA,urml,548,urmlf_43
NA,urml,549,urmlf_44
NA,urml,550,urmlf_45
NA,urml,551,urmlf_46
NA,urml,552,urmlf_47
NA,urml,553,urmlf_48
NA,urml,554,urmlf_49
NA,urml,555,urmlf_50
NA,urml,556,urmlf_51
NA,urml,557,urmlf_52
NA,urml,558,urmlf_53
NA,urml,559,urmlf_54
NA,urml,560,urmlf_55
NA,urml,561,urmlf_56
NA,urml,562,urmlf_57
NA,urml,563,urmlf_58
NA,urml,564,urmlf_59
NA,urml,565,urmlf_60
NA,urml,566,urmlf_61
NA,urml,567,urmlf_62
NA,urml,568,urmlf_63
NA,urml,569,urmlf_64
NA,urml,570,urmlf_65
NA,urml,571,urmlf_66
NA,urml,572,urmlf_67
NA,urml,573,urmlf_68
NA,urml,574,urmlf_69
NA,urml,575,urmlf_70
NA,urml,576,urmlf_71
NA,urml,577,urmlf_72
NA,urml,578,urmlf_73
NA,urml,579,urmlf_74
NA,urml,580,urmlf_75
NA,urml,581,urmlf_76
NA,urml,582,urmlf_77
NA,urml,583,urmlf_78
NA,urml,584,urmlf_79
NA,urml,585,urmlf_80
NA,urml,586,urmlf_81
NA,urml,587,urmlf_82
NA,urml,588,urmlf_83
NA,urml,589,urmlf_84
NA,urml,590,urmlf_85
NA,urml,591,urmlf_86
NA,urml,592,urmlf_87
NA,urml,593,urmlf_88
NA,urml,594,urmlf_89
NA,urml,595,urmlf_90
NA,urml,596,urmlf_91
NA,urml,597,urmlf_92
NA,urml,598,urmlf_93
NA,urml,599,urmlf_94
NA,urml,600,urmlf_95
NA,urml,601,urmlf_96
NA,urml,602,urmlf_97
NA,urml,603,urmlf_98
NA,urml,604,urmlf_99
NA,urml,605,urmlf_100
NA,urml,606,urmlf_101
NA,urml,607,urmlf_102
NA,urml,608,urmlf_103
NA,urml,609,urmlf_104
NA,urml,610,urmlf_105
NA,urml,611,urmlf_106
NA,urml,612,urmlf_107
NA,urml,613,urmlf_108
NA,urml,614,urmlf_109
NA,urml,615,urmlf_110
NA,urml,616,urmlf_111
NA,urml,617,urmlf_112
NA,urml,618,urmlf_113
NA,urml,619,urmlf_114
NA,urml,620,urmlf_115
NA,urml,621,urmlf_116
NA,urml,622,urmlf_117
NA,urml,623,urmlf_118
NA,urml,624,urmlf_119
NA,urml,625,urmlf_120
NA,urml,626,urmlf_121
NA,urml,627,urmlf_122
NA,urml,628,urmlf_123
NA,urml,629,urmlf_124
NA,urml,630,urmlf_125
NA,urml,631,urmlf_126
NA,urml,632,urmlf_127
NA,urml,633,urmlf_128
NA,urml,634,urmlf_129
NA,urml,635,urmlf_130
NA,urml,636,urmlf_131
NA,urml,637,urmlf_132
NA,urml,638,urmlf_133
NA,urml,639,urmlf_134
NA,urml,640,urmlf_135
NA,urml,641,urmlf_136
NA,urml,642,urmlf_137
NA,urml,643,urmlf_138
NA,urml,644,urmlf_139
NA,urml,645,urmlf_140
NA,urml,646,urmlf_141
NA,urml,647,urmlf_142
NA,urml,648,urmlf_143
NA,urml,649,urmlf_144
NA,urml,650,urmlf_145
NA,urml,651,urmlf_146
NA,urml,652,urmlf_147
NA,urml,653,urmlf_148
NA,urml,654,urmlf_149
NA,urml,655,urmlf_150
NA,urml,656,urmlf_151
NA,urml,657,urmlf_152
NA,urml,658,urmlf_153
NA,urml,659,urmlf_154
NA,urml,660,urmlf_155
NA,urml,661,urmlf_156
NA,urml,662,urmlf_157
NA,urml,663,urmlf_158
NA,urml,664,urmlf_159
NA,urml,665,urmlf_160
NA,urml,666,urmlf_161
NA,urml,667,urmlf_162
NA,urml,668,urmlf_163
NA,urml,669,urmlf_164
NA,urml,670,urmlf_165
NA,urml,671,urmlf_166
NA,urml,672,urmlf_167
NA,urml,673,urmlf_168
NA,urml,674,urmlf_169
NA,urml,675,urmlf_170
NA,urml,676,urmlf_171
NA,urml,677,urmlf_172
NA,urml,678,urmlf_173
NA,urml,679,urmlf_174
NA,urml,680,urmlf_175
NA,urml,681,urmlf_176
NA,urml,682,urmlf_177
NA,urml,683,urmlf_178
NA,urml,684,urmlf_179
NA,urml,685,urmlf_180
NA,urml,686,urmlf_181
NA,urml,687,urmlf_182
NA,urml,688,urmlf_183
NA,urml,689,urmlf_184
NA,urml,690,urmlf_185
NA,urml,691,urmlf_186
NA,urml,692,urmlf_187
NA,urml,693,urmlf_188
NA,urml,694,urmlf_189
NA,urml,695,urmlf_190
NA,urml,696,urmlf_191
NA,urml,697,urmlf_192
NA,urml,698,urmlf_193
NA,urml,699,urmlf_194
NA,urml,700,urmlf_195
NA,urml,701,urmlf_196
NA,urml,702,urmlf_197
NA,urml,703,urmlf_198
NA,urml,704,urmlf_199
NA,urml,705,urmlf_200
NA,urml,706,urmlf_201
NA,urml,707,urmlf_202
NA,urml,708,urmlf_203
NA,urml,709,urmlf_204
NA,urml,710,urmlf_205
NA,urml,711,urmlf_206
NA,urml,712,urmlf_207
NA,urml,713,urmlf_208
NA,urml,714,urmlf_209
NA,urml,715,urmlf_210
NA,urml,716,urmlf_211
NA,urml,717,urmlf_212
NA,urml,718,urmlf_213
NA,urml,719,urmlf_214
NA,urml,720,urmlf_215
NA,urml,721,urmlf_216
NA,urml,722,urmlf_217
NA,urml,723,urmlf_218
NA,urml,724,urmlf_219
NA,urml,725,urmlf_220
NA,urml,726,urmlf_221
NA,urml,727,urmlf_222
NA,urml,728,urmlf_223
NA,urml,729,urmlf_224
NA,urml,730,urmlf_225
NA,urml,731,urmlf_226
NA,urml,732,urmlf_227
NA,urml,733,urmlf_228
NA,urml,734,urmlf_229
NA,urml,735,urmlf_230
NA,urml,736,urmlf_231
NA,urml,737,urmlf_232
NA,urml,738,urmlf_233
NA,urml,739,urmlf_234
NA,urml,740,urmlf_235
NA,urml,741,urmlf_236
NA,urml,742,urmlf_237
NA,urml,743,urmlf_238
NA,urml,744,urmlf_239
NA,urml,745,urmlf_240
NA,urml,746,urmlf_241
NA,urml,747,urmlf_242
NA,urml,748,urmlf_243
NA,urml,749,urmlf_244
NA,urml,750,urmlf_245
NA,urml,751,urmlf_246
NA,urml,752,urmlf_247
NA,urml,753,urmlf_248
NA,urml,754,urmlf_249
NA,urml,755,urmlf_250
NA,urml,756,urmlf_251
NA,urml,757,urmlf_252
NA,urml,758,urmlf_253
NA,urml,759,urmlf_254
NA,urml,760,urmlf_255
NA,urml,761,urmlf_256
NA,urml,762,urmlf_257
NA,urml,763,urmlf_258
NA,urml,764,urmlf_259
NA,urml,765,urmlf_260
NA,urml,766,urmlf_261
NA,urml,767,urmlf_262
NA,urml,768,urmlf_263
NA,urml,769,urmlf_264
NA,urml,770,urmlf_265
NA,urml,771,urmlf_266
NA,urml,772,urmlf_267
NA,urml,773,urmlf_268
NA,urml,774,urmlf_269
NA,urml,775,urmlf_270
NA,urml,776,urmlf_271
NA,urml,777,urmlf_272
NA,urml,778,urmlf_273
NA,urml,779,urmlf_274
NA,urml,780,urmlf_275
NA,urml,781,urmlf_276
NA,urml,782,urmlf_277
NA,urml,783,urmlf_278
NA,urml,784,urmlf_279
NA,urml,785,urmlf_280
NA,urml,786,urmlf_281
213/68/2,a_107,787,a_107f_1
213/68/2,a_107,788,a_107f_2
213/68/2,a_107,789,a_107f_3
213/68/2,a_107,790,a_107f_4
213/70/1,a_106,791,a_106f_1
213/70/1,a_106,792,a_106f_2
213/70/1,a_106,793,a_106f_3
213/63/2,a_105,794,a_105f_1
213/63/2,a_105,795,a_105f_2
213/63/2,a_105,796,a_105f_3
213/63/2,a_105,797,a_105f_4
213/71/1,a_104,798,a_104f_1
213/71/1,a_104,799,a_104f_2
213/71/1,a_104,800,a_104f_3
213/71/1,a_104,801,a_104f_4
213/71/1,a_104,802,a_104f_5
213/21/4,a_055,803,a_055f_1
213/21/3,a_054,804,a_054f_1
213/21/3,a_054,805,a_054f_2
213/21/3,a_054,806,a_054f_3
213/150/4,a_217,807,a_217f_1
213/150/4,a_217,808,a_217f_2
213/22/1,a_053,809,a_053f_1
213/22/1,a_053,810,a_053f_2
213/22/1,a_053,811,a_053f_3
213/22/1,a_053,812,a_053f_4
213/2/1,a_216,813,a_216f_1
213/2/1,a_216,814,a_216f_2
213/2/1,a_216,815,a_216f_3
213/2/1,a_216,816,a_216f_4
213/2/1,a_216,817,a_216f_5
213/63/1,a_109,818,a_109f_1
213/63/1,a_109,819,a_109f_2
213/63/1,a_109,820,a_109f_3
NA,wetf,821,wetff_1
NA,wetf,822,wetff_2
NA,wetf,823,wetff_3
NA,wetf,824,wetff_4
NA,wetf,825,wetff_5
NA,wetf,826,wetff_6
NA,wetf,827,wetff_7
NA,wetf,828,wetff_8
NA,wetf,829,wetff_9
138/104/4,a_052,830,a_052f_1
138/104/4,a_052,831,a_052f_2
138/104/4,a_052,832,a_052f_3
138/104/4,a_052,833,a_052f_4
213/10/24,a_215,834,a_215f_1
213/68/7,a_108,835,a_108f_1
213/20/2,a_059,836,a_059f_1
213/142/2,a_176,837,a_176f_1
213/142/2,a_176,838,a_176f_2
213/10/45,a_214,839,a_214f_1
213/21/1,a_058,840,a_058f_1
213/21/1,a_058,841,a_058f_2
213/152/3,a_175,842,a_175f_1
213/152/3,a_175,843,a_175f_2
213/21/13,a_057,844,a_057f_1
213/142/1,a_174,845,a_174f_1
213/142/1,a_174,846,a_174f_2
213/142/1,a_174,847,a_174f_3
213/142/1,a_174,848,a_174f_4
213/21/2,a_056,849,a_056f_1
213/21/2,a_056,850,a_056f_2
213/60/18,a_173,851,a_173f_1
213/2/6,a_219,852,a_219f_1
213/7/1,a_218,853,a_218f_1
213/141/24,a_179,854,a_179f_1
213/141/1,a_178,855,a_178f_1
213/141/1,a_178,856,a_178f_2
213/141/12,a_177,857,a_177f_1
214/92/3,a_051,858,a_051f_1
214/92/3,a_051,859,a_051f_2
214/92/3,a_051,860,a_051f_3
213/63/3,a_050,861,a_050f_1
213/141/21,a_202,862,a_202f_1
213/141/81,a_201,863,a_201f_1
213/142/14,a_200,864,a_200f_1
213/59/18,a_172,865,a_172f_1
213/60/38,a_171,866,a_171f_1
213/60/38,a_171,867,a_171f_2
213/55/8,a_170,868,a_170f_1
138/105/2,a_044,869,a_044f_1
214/91/1,a_043,870,a_043f_1
213/58/4,a_206,871,a_206f_1
214/90/2,a_042,872,a_042f_1
214/90/2,a_042,873,a_042f_2
214/90/2,a_042,874,a_042f_3
214/90/2,a_042,875,a_042f_4
213/62/4,a_205,876,a_205f_1
214/89/2,a_041,877,a_041f_1
214/89/2,a_041,878,a_041f_2
214/89/2,a_041,879,a_041f_3
213/62/7,a_204,880,a_204f_1
213/62/7,a_204,881,a_204f_2
138/103/4,a_048,882,a_048f_1
138/103/4,a_048,883,a_048f_2
213/57/5,a_165,884,a_165f_1
213/57/5,a_165,885,a_165f_2
213/57/5,a_165,886,a_165f_3
213/57/5,a_165,887,a_165f_4
213/132/1,a_203,888,a_203f_1
213/24/1,a_047,889,a_047f_1
213/24/1,a_047,890,a_047f_2
213/2/3,a_164,891,a_164f_1
213/2/3,a_164,892,a_164f_2
213/2/3,a_164,893,a_164f_3
213/2/3,a_164,894,a_164f_4
213/2/3,a_164,895,a_164f_5
213/23/1,a_046,896,a_046f_1
213/23/1,a_046,897,a_046f_2
213/23/1,a_046,898,a_046f_3
213/23/1,a_046,899,a_046f_4
213/23/1,a_046,900,a_046f_5
213/23/1,a_046,901,a_046f_6
213/23/1,a_046,902,a_046f_7
213/58/3,a_163,903,a_163f_1
213/66/2,a_209,904,a_209f_1
213/66/2,a_209,905,a_209f_2
214/90/1,a_045,906,a_045f_1
213/56/3,a_162,907,a_162f_1
213/56/3,a_162,908,a_162f_2
213/62/10,a_208,909,a_208f_1
213/56/6,a_169,910,a_169f_1
213/56/6,a_169,911,a_169f_2
213/66/3,a_207,912,a_207f_1
213/56/1,a_168,913,a_168f_1
213/56/10,a_167,914,a_167f_1
213/57/8,a_166,915,a_166f_1
213/57/8,a_166,916,a_166f_2
213/55/7,a_040,917,a_040f_1
213/55/7,a_040,918,a_040f_2
214/89/5,a_161,919,a_161f_1
214/89/5,a_161,920,a_161f_2
213/77/10,a_160,921,a_160f_1
213/77/10,a_160,922,a_160f_2
213/77/10,a_160,923,a_160f_3
138/103/2,a_049,924,a_049f_1
138/103/2,a_049,925,a_049f_2
138/103/2,a_049,926,a_049f_3
138/103/2,a_049,927,a_049f_4
213/61/1,a_033,928,a_033f_1
213/61/1,a_033,929,a_033f_2
213/6/207,a_032,930,a_032f_1
213/6/207,a_032,931,a_032f_2
213/10/86,a_031,932,a_031f_1
213/10/86,a_031,933,a_031f_2
213/10/86,a_031,934,a_031f_3
213/62/2,a_030,935,a_030f_1
213/62/2,a_030,936,a_030f_2
213/62/2,a_030,937,a_030f_3
213/55/2,a_037,938,a_037f_1
213/55/2,a_037,939,a_037f_2
213/55/2,a_037,940,a_037f_3
213/75/3,a_154,941,a_154f_1
213/55/68,a_036,942,a_036f_1
213/75/4,a_153,943,a_153f_1
213/35/1,a_035,944,a_035f_1
213/35/1,a_035,945,a_035f_2
213/75/7,a_152,946,a_152f_1
213/60/1,a_034,947,a_034f_1
213/60/1,a_034,948,a_034f_2
213/75/9,a_151,949,a_151f_1
213/77/2,a_158,950,a_158f_1
213/77/2,a_158,951,a_158f_2
213/142/15,a_157,952,a_157f_1
213/142/15,a_157,953,a_157f_2
213/141/34,a_156,954,a_156f_1
213/141/34,a_156,955,a_156f_2
213/3/3,a_155,956,a_155f_1
213/3/3,a_155,957,a_155f_2
NA,rngb,958,rngbf_1
NA,rngb,959,rngbf_2
NA,rngb,960,rngbf_3
NA,rngb,961,rngbf_4
NA,rngb,962,rngbf_5
NA,rngb,963,rngbf_6
NA,rngb,964,rngbf_7
NA,rngb,965,rngbf_8
NA,rngb,966,rngbf_9
NA,rngb,967,rngbf_10
NA,rngb,968,rngbf_11
NA,rngb,969,rngbf_12
NA,rngb,970,rngbf_13
NA,rngb,971,rngbf_14
NA,rngb,972,rngbf_15
NA,rngb,973,rngbf_16
NA,rngb,974,rngbf_17
NA,rngb,975,rngbf_18
NA,rngb,976,rngbf_19
NA,rngb,977,rngbf_20
NA,rngb,978,rngbf_21
NA,rngb,979,rngbf_22
NA,rngb,980,rngbf_23
NA,rngb,981,rngbf_24
NA,rngb,982,rngbf_25
NA,rngb,983,rngbf_26
NA,rngb,984,rngbf_27
NA,rngb,985,rngbf_28
NA,rngb,986,rngbf_29
NA,rngb,987,rngbf_30
NA,rngb,988,rngbf_31
NA,rngb,989,rngbf_32
NA,rngb,990,rngbf_33
NA,rngb,991,rngbf_34
NA,rngb,992,rngbf_35
NA,rngb,993,rngbf_36
NA,rngb,994,rngbf_37
NA,rngb,995,rngbf_38
NA,rngb,996,rngbf_39
NA,rngb,997,rngbf_40
NA,rngb,998,rngbf_41
NA,rngb,999,rngbf_42
NA,rngb,1000,rngbf_43
NA,rngb,1001,rngbf_44
NA,rngb,1002,rngbf_45
NA,rngb,1003,rngbf_46
NA,rngb,1004,rngbf_47
NA,rngb,1005,rngbf_48
NA,rngb,1006,rngbf_49
NA,rngb,1007,rngbf_50
NA,rngb,1008,rngbf_51
NA,rngb,1009,rngbf_52
NA,rngb,1010,rngbf_53
NA,rngb,1011,rngbf_54
NA,rngb,1012,rngbf_55
NA,rngb,1013,rngbf_56
NA,rngb,1014,rngbf_57
NA,rngb,1015,rngbf_58
NA,rngb,1016,rngbf_59
NA,rngb,1017,rngbf_60
NA,rngb,1018,rngbf_61
NA,rngb,1019,rngbf_62
NA,rngb,1020,rngbf_63
NA,rngb,1021,rngbf_64
NA,rngb,1022,rngbf_65
NA,rngb,1023,rngbf_66
NA,rngb,1024,rngbf_67
NA,rngb,1025,rngbf_68
NA,rngb,1026,rngbf_69
NA,rngb,1027,rngbf_70
NA,rngb,1028,rngbf_71
NA,rngb,1029,rngbf_72
NA,rngb,1030,rngbf_73
NA,rngb,1031,rngbf_74
NA,rngb,1032,rngbf_75
NA,rngb,1033,rngbf_76
NA,rngb,1034,rngbf_77
NA,rngb,1035,rngbf_78
NA,rngb,1036,rngbf_79
NA,rngb,1037,rngbf_80
NA,rngb,1038,rngbf_81
NA,rngb,1039,rngbf_82
NA,rngb,1040,rngbf_83
NA,rngb,1041,rngbf_84
NA,rngb,1042,rngbf_85
NA,rngb,1043,rngbf_86
NA,rngb,1044,rngbf_87
NA,rngb,1045,rngbf_88
NA,rngb,1046,rngbf_89
NA,rngb,1047,rngbf_90
NA,rngb,1048,rngbf_91
NA,rngb,1049,rngbf_92
NA,rngb,1050,rngbf_93
NA,rngb,1051,rngbf_94
NA,rngb,1052,rngbf_95
NA,rngb,1053,rngbf_96
NA,rngb,1054,rngbf_97
NA,rngb,1055,rngbf_98
NA,rngb,1056,rngbf_99
NA,rngb,1057,rngbf_100
NA,rngb,1058,rngbf_101
NA,rngb,1059,rngbf_102
NA,rngb,1060,rngbf_103
NA,rngb,1061,rngbf_104
NA,rngb,1062,rngbf_105
NA,rngb,1063,rngbf_106
NA,rngb,1064,rngbf_107
NA,rngb,1065,rngbf_108
NA,rngb,1066,rngbf_109
NA,rngb,1067,rngbf_110
NA,rngb,1068,rngbf_111
NA,rngb,1069,rngbf_112
NA,rngb,1070,rngbf_113
NA,rngb,1071,rngbf_114
NA,rngb,1072,rngbf_115
NA,rngb,1073,rngbf_116
NA,rngb,1074,rngbf_117
NA,rngb,1075,rngbf_118
NA,rngb,1076,rngbf_119
NA,rngb,1077,rngbf_120
NA,rngb,1078,rngbf_121
NA,rngb,1079,rngbf_122
NA,rngb,1080,rngbf_123
NA,rngb,1081,rngbf_124
NA,rngb,1082,rngbf_125
NA,rngb,1083,rngbf_126
NA,rngb,1084,rngbf_127
NA,rngb,1085,rngbf_128
NA,rngb,1086,rngbf_129
NA,rngb,1087,rngbf_130
NA,rngb,1088,rngbf_131
NA,rngb,1089,rngbf_132
NA,rngb,1090,rngbf_133
NA,rngb,1091,rngbf_134
NA,rngb,1092,rngbf_135
NA,rngb,1093,rngbf_136
NA,rngb,1094,rngbf_137
NA,rngb,1095,rngbf_138
NA,rngb,1096,rngbf_139
NA,rngb,1097,rngbf_140
NA,rngb,1098,rngbf_141
NA,rngb,1099,rngbf_142
NA,rngb,1100,rngbf_143
NA,rngb,1101,rngbf_144
NA,rngb,1102,rngbf_145
NA,rngb,1103,rngbf_146
NA,rngb,1104,rngbf_147
NA,rngb,1105,rngbf_148
NA,rngb,1106,rngbf_149
NA,rngb,1107,rngbf_150
NA,rngb,1108,rngbf_151
NA,rngb,1109,rngbf_152
NA,rngb,1110,rngbf_153
NA,rngb,1111,rngbf_154
NA,rngb,1112,rngbf_155
NA,rngb,1113,rngbf_156
NA,rngb,1114,rngbf_157
NA,rngb,1115,rngbf_158
NA,rngb,1116,rngbf_159
NA,rngb,1117,rngbf_160
NA,rngb,1118,rngbf_161
NA,rngb,1119,rngbf_162
NA,rngb,1120,rngbf_163
NA,rngb,1121,rngbf_164
NA,rngb,1122,rngbf_165
NA,rngb,1123,rngbf_166
NA,rngb,1124,rngbf_167
NA,rngb,1125,rngbf_168
NA,rngb,1126,rngbf_169
NA,rngb,1127,rngbf_170
NA,rngb,1128,rngbf_171
NA,rngb,1129,rngbf_172
NA,rngb,1130,rngbf_173
NA,rngb,1131,rngbf_174
NA,rngb,1132,rngbf_175
NA,rngb,1133,rngbf_176
NA,rngb,1134,rngbf_177
NA,rngb,1135,rngbf_178
NA,rngb,1136,rngbf_179
NA,rngb,1137,rngbf_180
NA,rngb,1138,rngbf_181
NA,rngb,1139,rngbf_182
NA,rngb,1140,rngbf_183
NA,rngb,1141,rngbf_184
NA,rngb,1142,rngbf_185
NA,rngb,1143,rngbf_186
NA,rngb,1144,rngbf_187
NA,rngb,1145,rngbf_188
NA,rngb,1146,rngbf_189
NA,rngb,1147,rngbf_190
NA,rngb,1148,rngbf_191
NA,rngb,1149,rngbf_192
NA,rngb,1150,rngbf_193
NA,rngb,1151,rngbf_194
NA,rngb,1152,rngbf_195
NA,rngb,1153,rngbf_196
NA,rngb,1154,rngbf_197
NA,rngb,1155,rngbf_198
NA,rngb,1156,rngbf_199
NA,rngb,1157,rngbf_200
NA,rngb,1158,rngbf_201
NA,rngb,1159,rngbf_202
NA,rngb,1160,rngbf_203
NA,rngb,1161,rngbf_204
NA,rngb,1162,rngbf_205
NA,rngb,1163,rngbf_206
NA,rngb,1164,rngbf_207
NA,rngb,1165,rngbf_208
NA,rngb,1166,rngbf_209
NA,rngb,1167,rngbf_210
NA,rngb,1168,rngbf_211
NA,rngb,1169,rngbf_212
NA,rngb,1170,rngbf_213
NA,rngb,1171,rngbf_214
NA,rngb,1172,rngbf_215
NA,rngb,1173,rngbf_216
NA,rngb,1174,rngbf_217
NA,rngb,1175,rngbf_218
NA,rngb,1176,rngbf_219
NA,rngb,1177,rngbf_220
NA,rngb,1178,rngbf_221
NA,rngb,1179,rngbf_222
NA,rngb,1180,rngbf_223
NA,rngb,1181,rngbf_224
NA,rngb,1182,rngbf_225
NA,rngb,1183,rngbf_226
NA,rngb,1184,rngbf_227
NA,rngb,1185,rngbf_228
NA,rngb,1186,rngbf_229
NA,rngb,1187,rngbf_230
NA,rngb,1188,rngbf_231
NA,rngb,1189,rngbf_232
NA,rngb,1190,rngbf_233
NA,rngb,1191,rngbf_234
NA,rngb,1192,rngbf_235
NA,rngb,1193,rngbf_236
NA,rngb,1194,rngbf_237
NA,rngb,1195,rngbf_238
NA,rngb,1196,rngbf_239
NA,rngb,1197,rngbf_240
NA,rngb,1198,rngbf_241
NA,rngb,1199,rngbf_242
NA,rngb,1200,rngbf_243
NA,rngb,1201,rngbf_244
NA,rngb,1202,rngbf_245
NA,rngb,1203,rngbf_246
NA,rngb,1204,rngbf_247
NA,rngb,1205,rngbf_248
NA,rngb,1206,rngbf_249
NA,rngb,1207,rngbf_250
NA,rngb,1208,rngbf_251
NA,rngb,1209,rngbf_252
NA,rngb,1210,rngbf_253
NA,rngb,1211,rngbf_254
NA,rngb,1212,rngbf_255
NA,rngb,1213,rngbf_256
NA,rngb,1214,rngbf_257
NA,rngb,1215,rngbf_258
NA,rngb,1216,rngbf_259
NA,rngb,1217,rngbf_260
NA,rngb,1218,rngbf_261
NA,rngb,1219,rngbf_262
NA,rngb,1220,rngbf_263
NA,rngb,1221,rngbf_264
NA,rngb,1222,rngbf_265
NA,rngb,1223,rngbf_266
NA,rngb,1224,rngbf_267
NA,rngb,1225,rngbf_268
NA,rngb,1226,rngbf_269
NA,rngb,1227,rngbf_270
NA,rngb,1228,rngbf_271
NA,rngb,1229,rngbf_272
NA,rngb,1230,rngbf_273
NA,rngb,1231,rngbf_274
NA,rngb,1232,rngbf_275
NA,rngb,1233,rngbf_276
NA,rngb,1234,rngbf_277
NA,rngb,1235,rngbf_278
NA,rngb,1236,rngbf_279
NA,rngb,1237,rngbf_280
NA,rngb,1238,rngbf_281
NA,rngb,1239,rngbf_282
NA,rngb,1240,rngbf_283
NA,rngb,1241,rngbf_284
NA,rngb,1242,rngbf_285
NA,rngb,1243,rngbf_286
NA,rngb,1244,rngbf_287
NA,rngb,1245,rngbf_288
NA,rngb,1246,rngbf_289
NA,rngb,1247,rngbf_290
NA,rngb,1248,rngbf_291
NA,rngb,1249,rngbf_292
NA,rngb,1250,rngbf_293
NA,rngb,1251,rngbf_294
NA,rngb,1252,rngbf_295
NA,rngb,1253,rngbf_296
NA,rngb,1254,rngbf_297
NA,rngb,1255,rngbf_298
NA,rngb,1256,rngbf_299
NA,rngb,1257,rngbf_300
NA,rngb,1258,rngbf_301
NA,rngb,1259,rngbf_302
NA,rngb,1260,rngbf_303
NA,rngb,1261,rngbf_304
NA,rngb,1262,rngbf_305
NA,rngb,1263,rngbf_306
NA,rngb,1264,rngbf_307
NA,rngb,1265,rngbf_308
NA,rngb,1266,rngbf_309
NA,rngb,1267,rngbf_310
NA,rngb,1268,rngbf_311
NA,rngb,1269,rngbf_312
NA,rngb,1270,rngbf_313
NA,rngb,1271,rngbf_314
NA,rngb,1272,rngbf_315
NA,rngb,1273,rngbf_316
NA,rngb,1274,rngbf_317
NA,rngb,1275,rngbf_318
NA,rngb,1276,rngbf_319
NA,rngb,1277,rngbf_320
NA,rngb,1278,rngbf_321
NA,rngb,1279,rngbf_322
NA,rngb,1280,rngbf_323
NA,rngb,1281,rngbf_324
NA,rngb,1282,rngbf_325
NA,rngb,1283,rngbf_326
NA,rngb,1284,rngbf_327
NA,rngb,1285,rngbf_328
NA,rngb,1286,rngbf_329
NA,rngb,1287,rngbf_330
NA,rngb,1288,rngbf_331
NA,rngb,1289,rngbf_332
NA,rngb,1290,rngbf_333
NA,rngb,1291,rngbf_334
NA,rngb,1292,rngbf_335
NA,rngb,1293,rngbf_336
NA,rngb,1294,rngbf_337
NA,rngb,1295,rngbf_338
NA,rngb,1296,rngbf_339
NA,rngb,1297,rngbf_340
NA,rngb,1298,rngbf_341
NA,rngb,1299,rngbf_342
NA,rngb,1300,rngbf_343
NA,rngb,1301,rngbf_344
NA,rngb,1302,rngbf_345
NA,rngb,1303,rngbf_346
NA,rngb,1304,rngbf_347
NA,rngb,1305,rngbf_348
NA,rngb,1306,rngbf_349
NA,rngb,1307,rngbf_350
NA,rngb,1308,rngbf_351
NA,rngb,1309,rngbf_352
NA,rngb,1310,rngbf_353
NA,rngb,1311,rngbf_354
NA,rngb,1312,rngbf_355
NA,rngb,1313,rngbf_356
NA,rngb,1314,rngbf_357
NA,rngb,1315,rngbf_358
NA,rngb,1316,rngbf_359
NA,rngb,1317,rngbf_360
NA,rngb,1318,rngbf_361
NA,rngb,1319,rngbf_362
NA,rngb,1320,rngbf_363
NA,rngb,1321,rngbf_364
NA,rngb,1322,rngbf_365
NA,rngb,1323,rngbf_366
NA,rngb,1324,rngbf_367
NA,rngb,1325,rngbf_368
NA,rngb,1326,rngbf_369
NA,rngb,1327,rngbf_370
NA,rngb,1328,rngbf_371
NA,rngb,1329,rngbf_372
NA,rngb,1330,rngbf_373
NA,rngb,1331,rngbf_374
NA,rngb,1332,rngbf_375
NA,rngb,1333,rngbf_376
NA,rngb,1334,rngbf_377
NA,rngb,1335,rngbf_378
NA,rngb,1336,rngbf_379
NA,rngb,1337,rngbf_380
NA,rngb,1338,rngbf_381
NA,rngb,1339,rngbf_382
NA,rngb,1340,rngbf_383
NA,rngb,1341,rngbf_384
NA,rngb,1342,rngbf_385
NA,rngb,1343,rngbf_386
NA,rngb,1344,rngbf_387
NA,rngb,1345,rngbf_388
NA,rngb,1346,rngbf_389
NA,rngb,1347,rngbf_390
NA,rngb,1348,rngbf_391
NA,rngb,1349,rngbf_392
NA,rngb,1350,rngbf_393
NA,rngb,1351,rngbf_394
NA,rngb,1352,rngbf_395
NA,rngb,1353,rngbf_396
NA,rngb,1354,rngbf_397
NA,rngb,1355,rngbf_398
NA,rngb,1356,rngbf_399
NA,rngb,1357,rngbf_400
NA,rngb,1358,rngbf_401
NA,rngb,1359,rngbf_402
NA,rngb,1360,rngbf_403
NA,rngb,1361,rngbf_404
NA,rngb,1362,rngbf_405
NA,rngb,1363,rngbf_406
NA,rngb,1364,rngbf_407
NA,rngb,1365,rngbf_408
NA,rngb,1366,rngbf_409
NA,rngb,1367,rngbf_410
213/33/1,a_150,1368,a_150f_1
213/33/1,a_150,1369,a_150f_2
213/33/1,a_150,1370,a_150f_3
NA,past,1371,pastf_1
NA,past,1372,pastf_2
NA,past,1373,pastf_3
NA,past,1374,pastf_4
NA,past,1375,pastf_5
NA,past,1376,pastf_6
NA,past,1377,pastf_7
NA,past,1378,pastf_8
NA,past,1379,pastf_9
NA,past,1380,pastf_10
NA,past,1381,pastf_11
NA,past,1382,pastf_12
NA,past,1383,pastf_13
NA,past,1384,pastf_14
NA,past,1385,pastf_15
NA,past,1386,pastf_16
NA,past,1387,pastf_17
NA,past,1388,pastf_18
NA,past,1389,pastf_19
NA,past,1390,pastf_20
NA,past,1391,pastf_21
NA,past,1392,pastf_22
NA,past,1393,pastf_23
NA,past,1394,pastf_24
NA,past,1395,pastf_25
NA,past,1396,pastf_26
NA,past,1397,pastf_27
NA,past,1398,pastf_28
NA,past,1399,pastf_29
NA,past,1400,pastf_30
NA,past,1401,pastf_31
NA,past,1402,pastf_32
NA,past,1403,pastf_33
NA,past,1404,pastf_34
NA,past,1405,pastf_35
213/55/6,a_039,1406,a_039f_1
213/55/14,a_038,1407,a_038f_1
213/55/14,a_038,1408,a_038f_2
213/77/4,a_159,1409,a_159f_1
213/6/1,a_022,1410,a_022f_1
213/6/1,a_022,1411,a_022f_2
213/6/1,a_022,1412,a_022f_3
213/6/1,a_022,1413,a_022f_4
213/6/1,a_022,1414,a_022f_5
213/6/1,a_022,1415,a_022f_6
213/6/1,a_022,1416,a_022f_7
213/6/1,a_022,1417,a_022f_8
213/5/2,a_021,1418,a_021f_1
213/5/2,a_021,1419,a_021f_2
213/5/2,a_021,1420,a_021f_3
213/39/1,a_020,1421,a_020f_1
213/39/1,a_020,1422,a_020f_2
213/39/1,a_020,1423,a_020f_3
213/39/1,a_020,1424,a_020f_4
213/64/2,a_026,1425,a_026f_1
213/64/2,a_026,1426,a_026f_2
213/64/2,a_026,1427,a_026f_3
213/10/87,a_143,1428,a_143f_1
213/30/1,a_025,1429,a_025f_1
213/30/1,a_025,1430,a_025f_2
213/30/1,a_025,1431,a_025f_3
213/30/1,a_025,1432,a_025f_4
213/5/1,a_142,1433,a_142f_1
213/5/1,a_142,1434,a_142f_2
213/28/2,a_024,1435,a_024f_1
213/28/2,a_024,1436,a_024f_2
213/2/2,a_141,1437,a_141f_1
213/20/1,a_023,1438,a_023f_1
213/20/1,a_023,1439,a_023f_2
213/20/1,a_023,1440,a_023f_3
213/20/1,a_023,1441,a_023f_4
213/20/1,a_023,1442,a_023f_5
213/83/2,a_140,1443,a_140f_1
213/83/2,a_140,1444,a_140f_2
213/28/5,a_147,1445,a_147f_1
213/28/1,a_146,1446,a_146f_1
213/28/1,a_146,1447,a_146f_2
213/28/1,a_146,1448,a_146f_3
213/28/1,a_146,1449,a_146f_4
213/28/1,a_146,1450,a_146f_5
213/33/2,a_145,1451,a_145f_1
213/33/2,a_145,1452,a_145f_2
213/33/2,a_145,1453,a_145f_3
213/33/2,a_145,1454,a_145f_4
213/33/3,a_144,1455,a_144f_1
213/33/3,a_144,1456,a_144f_2
213/66/1,a_029,1457,a_029f_1
213/66/1,a_029,1458,a_029f_2
213/67/1,a_028,1459,a_028f_1
213/67/1,a_028,1460,a_028f_2
213/68/1,a_027,1461,a_027f_1
213/68/1,a_027,1462,a_027f_2
213/68/1,a_027,1463,a_027f_3
213/68/1,a_027,1464,a_027f_4
213/55/10,a_149,1465,a_149f_1
138/9/3,a_148,1466,a_148f_1
138/104/1,a_011,1467,a_011f_1
138/104/1,a_011,1468,a_011f_2
138/104/1,a_011,1469,a_011f_3
138/104/1,a_011,1470,a_011f_4
214/88/4,a_010,1471,a_010f_1
138/105/1,a_015,1472,a_015f_1
138/105/1,a_015,1473,a_015f_2
138/104/3,a_132,1474,a_132f_1
138/104/3,a_132,1475,a_132f_2
138/105/6,a_014,1476,a_014f_1
138/105/6,a_014,1477,a_014f_2
138/103/14,a_131,1478,a_131f_1
214/89/1,a_013,1479,a_013f_1
214/89/1,a_013,1480,a_013f_2
213/82/4,a_130,1481,a_130f_1
213/82/4,a_130,1482,a_130f_2
213/143/1,a_099,1483,a_099f_1
213/143/1,a_099,1484,a_099f_2
214/88/1,a_012,1485,a_012f_1
214/88/1,a_012,1486,a_012f_2
214/88/1,a_012,1487,a_012f_3
214/88/1,a_012,1488,a_012f_4
214/88/1,a_012,1489,a_012f_5
214/88/1,a_012,1490,a_012f_6
214/68/1,a_098,1491,a_098f_1
214/68/1,a_098,1492,a_098f_2
213/73/1,a_136,1493,a_136f_1
213/73/1,a_136,1494,a_136f_2
213/140/9,a_097,1495,a_097f_1
213/14/3,a_135,1496,a_135f_1
213/1/1,a_096,1497,a_096f_1
213/1/1,a_096,1498,a_096f_2
213/1/1,a_096,1499,a_096f_3
213/1/1,a_096,1500,a_096f_4
213/14/2,a_134,1501,a_134f_1
138/104/2,a_133,1502,a_133f_1
138/104/2,a_133,1503,a_133f_2
213/10/23,a_091,1504,a_091f_1
213/7/12,a_090,1505,a_090f_1
214/67/3,a_095,1506,a_095f_1
213/10/11,a_094,1507,a_094f_1
213/10/13,a_093,1508,a_093f_1
213/10/16,a_092,1509,a_092f_1
213/26/2,a_019,1510,a_019f_1
213/26/2,a_019,1511,a_019f_2
213/26/2,a_019,1512,a_019f_3
213/26/2,a_019,1513,a_019f_4
213/26/1,a_018,1514,a_018f_1
213/27/1,a_017,1515,a_017f_1
213/27/1,a_017,1516,a_017f_2
213/27/1,a_017,1517,a_017f_3
213/27/2,a_016,1518,a_016f_1
213/27/2,a_016,1519,a_016f_2
213/27/2,a_016,1520,a_016f_3
213/27/2,a_016,1521,a_016f_4
213/83/1,a_139,1522,a_139f_1
213/83/1,a_139,1523,a_139f_2
213/83/1,a_139,1524,a_139f_3
213/72/1,a_138,1525,a_138f_1
213/72/1,a_138,1526,a_138f_2
213/72/1,a_138,1527,a_138f_3
213/72/1,a_138,1528,a_138f_4
213/72/1,a_138,1529,a_138f_5
213/72/1,a_138,1530,a_138f_6
213/72/1,a_138,1531,a_138f_7
213/72/2,a_137,1532,a_137f_1
213/72/2,a_137,1533,a_137f_2
213/72/2,a_137,1534,a_137f_3
213/74/3,a_004,1535,a_004f_1
213/57/4,a_121,1536,a_121f_1
213/57/4,a_121,1537,a_121f_2
213/75/1,a_003,1538,a_003f_1
213/75/1,a_003,1539,a_003f_2
213/57/7,a_120,1540,a_120f_1
213/3/1,a_002,1541,a_002f_1
213/3/1,a_002,1542,a_002f_2
213/3/1,a_002,1543,a_002f_3
213/3/1,a_002,1544,a_002f_4
213/3/1,a_002,1545,a_002f_5
213/3/1,a_002,1546,a_002f_6
213/3/1,a_002,1547,a_002f_7
213/3/1,a_002,1548,a_002f_8
213/1/4,a_001,1549,a_001f_1
213/1/4,a_001,1550,a_001f_2
213/1/4,a_001,1551,a_001f_3
213/1/4,a_001,1552,a_001f_4
213/1/4,a_001,1553,a_001f_5
213/1/4,a_001,1554,a_001f_6
213/1/4,a_001,1555,a_001f_7
213/10/6,a_088,1556,a_088f_1
213/10/6,a_088,1557,a_088f_2
213/10/6,a_088,1558,a_088f_3
213/9/1,a_087,1559,a_087f_1
213/79/3,a_125,1560,a_125f_1
213/79/3,a_125,1561,a_125f_2
213/79/3,a_125,1562,a_125f_3
138/104/7,a_124,1563,a_124f_1
138/104/7,a_124,1564,a_124f_2
138/104/7,a_124,1565,a_124f_3
213/7/2,a_086,1566,a_086f_1
138/105/3,a_123,1567,a_123f_1
138/105/3,a_123,1568,a_123f_2
138/105/3,a_123,1569,a_123f_3
213/7/3,a_085,1570,a_085f_1
213/7/3,a_085,1571,a_085f_2
213/57/6,a_122,1572,a_122f_1
213/10/1,a_089,1573,a_089f_1
213/60/5,a_080,1574,a_080f_1
213/60/5,a_080,1575,a_080f_2
213/60/5,a_080,1576,a_080f_3
213/60/5,a_080,1577,a_080f_4
213/60/5,a_080,1578,a_080f_5
213/60/5,a_080,1579,a_080f_6
